{
    "epoch": 1.9992628086988573,
    "eval_loss": 0.6572265625,
    "eval_runtime": 200.1862,
    "eval_samples_per_second": 1.509,
    "eval_steps_per_second": 1.509
}