{
    "epoch": 1.9988499137435307,
    "eval_loss": 0.625176727771759,
    "eval_runtime": 173.034,
    "eval_samples_per_second": 2.237,
    "eval_steps_per_second": 2.237,
    "total_flos": 9.603720704604242e+17,
    "train_loss": 0.7541291376252169,
    "train_runtime": 10238.4075,
    "train_samples_per_second": 0.679,
    "train_steps_per_second": 0.17
}