{
    "epoch": 1.9988499137435307,
    "eval_loss": 0.625176727771759,
    "eval_runtime": 173.034,
    "eval_samples_per_second": 2.237,
    "eval_steps_per_second": 2.237
}